type,symbol,category,source_header,output_header
func,lwip_start_last_error,socket,src/lwIP.h,lwip.h
func,lwip_network_up,socket,src/lwIP.h,lwip.h
func,lwip_stop,socket,src/lwIP.h,lwip.h
func,lwip_service_events,socket,src/lwIP.h,lwip.h
func,lwip_now_ms,socket,src/lwIP.h,lwip.h
func,lwip_default_netif_info,socket,src/lwIP.h,lwip.h
func,lwip_request_services,socket,src/lwIP.h,lwip.h
func,lwip_netif_request_services,socket,src/lwIP.h,lwip.h
func,lwip_socket_create,socket,src/lwIP.h,lwip.h
func,lwip_socket_create_ex,socket,src/lwIP.h,lwip.h
func,lwip_socket_destroy,socket,src/lwIP.h,lwip.h
func,lwip_socket_connect,socket,src/lwIP.h,lwip.h
func,lwip_socket_write,socket,src/lwIP.h,lwip.h
func,lwip_socket_available,socket,src/lwIP.h,lwip.h
func,lwip_socket_read,socket,src/lwIP.h,lwip.h
func,lwip_socket_status,socket,src/lwIP.h,lwip.h
func,lwip_socket_shutdown,socket,src/lwIP.h,lwip.h
func,lwip_socket_close,socket,src/lwIP.h,lwip.h
func,lwip_socket_abort,socket,src/lwIP.h,lwip.h
func,lwip_socket_on_event,socket,src/lwIP.h,lwip.h
func,lwip_socket_is_active,socket,src/lwIP.h,lwip.h
func,lwip_socket_set_rx_limits,socket,src/lwIP.h,lwip.h
func,lwip_socket_set_connect_timeout,socket,src/lwIP.h,lwip.h
func,lwip_set_event_cb,core,src/include/lwip/logging.h,lwip/core/logging.h
func,lwip_debug_module_name,core,src/include/lwip/logging.h,lwip/core/logging.h
func,lwip_debug_file_name,core,src/include/lwip/logging.h,lwip/core/logging.h
func,lwip_debug_state_change_name,core,src/include/lwip/logging.h,lwip/core/logging.h
func,tls_aes_init,cryptography,src/tls/includes/aes.h,lwip/cryptography/aes.h
func,tls_aes_ccm_init,cryptography,src/tls/includes/aes.h,lwip/cryptography/aes.h
func,tls_aes_ccm_encrypt,cryptography,src/tls/includes/aes.h,lwip/cryptography/aes.h
func,tls_aes_ccm_decrypt,cryptography,src/tls/includes/aes.h,lwip/cryptography/aes.h
func,tls_aes_update_aad,cryptography,src/tls/includes/aes.h,lwip/cryptography/aes.h
func,tls_aes_encrypt,cryptography,src/tls/includes/aes.h,lwip/cryptography/aes.h
func,tls_aes_update_ciphertext,cryptography,src/tls/includes/aes.h,lwip/cryptography/aes.h
func,tls_aes_digest,cryptography,src/tls/includes/aes.h,lwip/cryptography/aes.h
func,tls_aes_decrypt,cryptography,src/tls/includes/aes.h,lwip/cryptography/aes.h
func,tls_aes_verify,cryptography,src/tls/includes/aes.h,lwip/cryptography/aes.h
func,tls_asn1_cursor_init,cryptography,src/tls/includes/asn1.h,lwip/cryptography/asn1.h
func,tls_asn1_next,cryptography,src/tls/includes/asn1.h,lwip/cryptography/asn1.h
func,tls_asn1_child_cursor,cryptography,src/tls/includes/asn1.h,lwip/cryptography/asn1.h
func,tls_asn1_tag_number,cryptography,src/tls/includes/asn1.h,lwip/cryptography/asn1.h
func,tls_asn1_tag_class,cryptography,src/tls/includes/asn1.h,lwip/cryptography/asn1.h
func,tls_asn1_tag_constructed,cryptography,src/tls/includes/asn1.h,lwip/cryptography/asn1.h
func,tls_base64_encode,cryptography,src/tls/includes/base64.h,lwip/cryptography/base64.h
func,tls_base64_decode,cryptography,src/tls/includes/base64.h,lwip/cryptography/base64.h
func,tls_bytes_compare,cryptography,src/tls/includes/bytes.h,lwip/cryptography/bytes.h
func,tls_secure_memzero,cryptography,src/tls/includes/bytes.h,lwip/cryptography/bytes.h
func,tls_sha256_init,cryptography,src/tls/includes/hash.h,lwip/cryptography/hash.h
func,tls_sha256_update,cryptography,src/tls/includes/hash.h,lwip/cryptography/hash.h
func,tls_sha256_digest,cryptography,src/tls/includes/hash.h,lwip/cryptography/hash.h
func,tls_hash_context_init,cryptography,src/tls/includes/hash.h,lwip/cryptography/hash.h
func,tls_hash_update,cryptography,src/tls/includes/hash.h,lwip/cryptography/hash.h
func,tls_hash_digest,cryptography,src/tls/includes/hash.h,lwip/cryptography/hash.h
func,tls_mgf1,cryptography,src/tls/includes/hash.h,lwip/cryptography/hash.h
func,tls_hkdf_extract,cryptography,src/tls/includes/hkdf.h,lwip/cryptography/hkdf.h
func,tls_hkdf_expand,cryptography,src/tls/includes/hkdf.h,lwip/cryptography/hkdf.h
func,tls_hkdf_expand_label,cryptography,src/tls/includes/hkdf.h,lwip/cryptography/hkdf.h
func,tls_derive_secret,cryptography,src/tls/includes/hkdf.h,lwip/cryptography/hkdf.h
func,tls_hmac_context_init,cryptography,src/tls/includes/hmac.h,lwip/cryptography/hmac.h
func,tls_hmac_update,cryptography,src/tls/includes/hmac.h,lwip/cryptography/hmac.h
func,tls_hmac_digest,cryptography,src/tls/includes/hmac.h,lwip/cryptography/hmac.h
func,tls_keyobject_import_private,cryptography,src/tls/includes/keyobject.h,lwip/cryptography/keyobject.h
func,tls_keyobject_import_public,cryptography,src/tls/includes/keyobject.h,lwip/cryptography/keyobject.h
func,tls_keyobject_import_certificate,cryptography,src/tls/includes/keyobject.h,lwip/cryptography/keyobject.h
func,tls_x509_has_required_ca_constraints,cryptography,src/tls/includes/keyobject.h,lwip/cryptography/keyobject.h
func,tls_keyobject_destroy,cryptography,src/tls/includes/keyobject.h,lwip/cryptography/keyobject.h
func,tls_pbkdf2,cryptography,src/tls/includes/passwords.h,lwip/cryptography/passwords.h
func,tls_pkcs8_strerror,cryptography,src/tls/includes/pkcs8.h,lwip/cryptography/pkcs8.h
func,tls_pkcs8_import,cryptography,src/tls/includes/pkcs8.h,lwip/cryptography/pkcs8.h
func,tls_pkcs8_import_private,cryptography,src/tls/includes/pkcs8.h,lwip/cryptography/pkcs8.h
func,tls_pkcs8_import_public,cryptography,src/tls/includes/pkcs8.h,lwip/cryptography/pkcs8.h
func,tls_pkcs8_object_import_private,cryptography,src/tls/includes/pkcs8.h,lwip/cryptography/pkcs8.h
func,tls_pkcs8_object_import_public,cryptography,src/tls/includes/pkcs8.h,lwip/cryptography/pkcs8.h
func,tls_pkcs8_object_destroy,cryptography,src/tls/includes/pkcs8.h,lwip/cryptography/pkcs8.h
func,tls_random_init_entropy,cryptography,src/tls/includes/random.h,lwip/cryptography/random.h
func,tls_random,cryptography,src/tls/includes/random.h,lwip/cryptography/random.h
func,tls_random_bytes,cryptography,src/tls/includes/random.h,lwip/cryptography/random.h
func,tls_rng_healthcheck,cryptography,src/tls/includes/random.h,lwip/cryptography/random.h
func,tls_request_random_bytes,cryptography,src/tls/includes/random.h,lwip/cryptography/random.h
func,tls_rng_is_busy,cryptography,src/tls/includes/random.h,lwip/cryptography/random.h
func,tls_rsa_encode_oaep,cryptography,src/tls/includes/rsa.h,lwip/cryptography/rsa.h
func,tls_rsa_decode_oaep,cryptography,src/tls/includes/rsa.h,lwip/cryptography/rsa.h
func,tls_rsa_encrypt,cryptography,src/tls/includes/rsa.h,lwip/cryptography/rsa.h
func,tls_rsa_decrypt_signature,cryptography,src/tls/includes/rsa.h,lwip/cryptography/rsa.h
func,tls_rsa_pss_verify,cryptography,src/tls/includes/rsa.h,lwip/cryptography/rsa.h
func,tls_truststore_init,cryptography,src/tls/includes/truststore.h,lwip/cryptography/truststore.h
func,tls_truststore_lookup,cryptography,src/tls/includes/truststore.h,lwip/cryptography/truststore.h
func,tls_x509_has_valid_constraints,cryptography,src/tls/includes/x509.h,lwip/cryptography/x509.h
func,tls_x509_parse_certificate,cryptography,src/tls/includes/x509.h,lwip/cryptography/x509.h
func,tls_x509_import_and_parse_certificate,cryptography,src/tls/includes/x509.h,lwip/cryptography/x509.h
func,tls_x509_import_certificate,cryptography,src/tls/includes/x509.h,lwip/cryptography/x509.h
func,tls_x509_object_destroy,cryptography,src/tls/includes/x509.h,lwip/cryptography/x509.h
func,acd_add,acd,src/include/lwip/acd.h,lwip/core/acd.h
func,acd_remove,acd,src/include/lwip/acd.h,lwip/core/acd.h
func,acd_start,acd,src/include/lwip/acd.h,lwip/core/acd.h
func,acd_stop,acd,src/include/lwip/acd.h,lwip/core/acd.h
func,acd_arp_reply,acd,src/include/lwip/acd.h,lwip/core/acd.h
func,acd_network_changed_link_down,acd,src/include/lwip/acd.h,lwip/core/acd.h
func,acd_netif_ip_addr_changed,acd,src/include/lwip/acd.h,lwip/core/acd.h
func,altcp_new,altcp,src/include/lwip/altcp.h,lwip/core/altcp.h
func,altcp_new_ip6,altcp,src/include/lwip/altcp.h,lwip/core/altcp.h
func,altcp_new_ip_type,altcp,src/include/lwip/altcp.h,lwip/core/altcp.h
func,altcp_arg,altcp,src/include/lwip/altcp.h,lwip/core/altcp.h
func,altcp_accept,altcp,src/include/lwip/altcp.h,lwip/core/altcp.h
func,altcp_recv,altcp,src/include/lwip/altcp.h,lwip/core/altcp.h
func,altcp_sent,altcp,src/include/lwip/altcp.h,lwip/core/altcp.h
func,altcp_poll,altcp,src/include/lwip/altcp.h,lwip/core/altcp.h
func,altcp_err,altcp,src/include/lwip/altcp.h,lwip/core/altcp.h
func,altcp_recved,altcp,src/include/lwip/altcp.h,lwip/core/altcp.h
func,altcp_bind,altcp,src/include/lwip/altcp.h,lwip/core/altcp.h
func,altcp_connect,altcp,src/include/lwip/altcp.h,lwip/core/altcp.h
func,altcp_listen_with_backlog_and_err,altcp,src/include/lwip/altcp.h,lwip/core/altcp.h
func,altcp_abort,altcp,src/include/lwip/altcp.h,lwip/core/altcp.h
func,altcp_close,altcp,src/include/lwip/altcp.h,lwip/core/altcp.h
func,altcp_shutdown,altcp,src/include/lwip/altcp.h,lwip/core/altcp.h
func,altcp_write,altcp,src/include/lwip/altcp.h,lwip/core/altcp.h
func,altcp_output,altcp,src/include/lwip/altcp.h,lwip/core/altcp.h
func,altcp_mss,altcp,src/include/lwip/altcp.h,lwip/core/altcp.h
func,altcp_sndbuf,altcp,src/include/lwip/altcp.h,lwip/core/altcp.h
func,altcp_sndqueuelen,altcp,src/include/lwip/altcp.h,lwip/core/altcp.h
func,altcp_nagle_disable,altcp,src/include/lwip/altcp.h,lwip/core/altcp.h
func,altcp_nagle_enable,altcp,src/include/lwip/altcp.h,lwip/core/altcp.h
func,altcp_nagle_disabled,altcp,src/include/lwip/altcp.h,lwip/core/altcp.h
func,altcp_setprio,altcp,src/include/lwip/altcp.h,lwip/core/altcp.h
func,altcp_get_tcp_addrinfo,altcp,src/include/lwip/altcp.h,lwip/core/altcp.h
func,altcp_get_ip,altcp,src/include/lwip/altcp.h,lwip/core/altcp.h
func,altcp_get_port,altcp,src/include/lwip/altcp.h,lwip/core/altcp.h
func,altcp_dbg_get_tcp_state,altcp,src/include/lwip/altcp.h,lwip/core/altcp.h
func,altcp_tls_create_config_server,tls_transport,src/include/lwip/altcp_tls.h,lwip/core/altcp_tls.h
func,altcp_tls_config_server_add_privkey_cert,tls_transport,src/include/lwip/altcp_tls.h,lwip/core/altcp_tls.h
func,altcp_tls_create_config_server_privkey_cert,tls_transport,src/include/lwip/altcp_tls.h,lwip/core/altcp_tls.h
func,altcp_tls_create_config_client,tls_transport,src/include/lwip/altcp_tls.h,lwip/core/altcp_tls.h
func,altcp_tls_create_config_psk_client,tls_transport,src/include/lwip/altcp_tls.h,lwip/core/altcp_tls.h
func,altcp_tls_create_config_psk_server,tls_transport,src/include/lwip/altcp_tls.h,lwip/core/altcp_tls.h
func,altcp_tls_create_config_client_2wayauth,tls_transport,src/include/lwip/altcp_tls.h,lwip/core/altcp_tls.h
func,altcp_tls_configure_alpn_protocols,tls_transport,src/include/lwip/altcp_tls.h,lwip/core/altcp_tls.h
func,altcp_tls_free_config,tls_transport,src/include/lwip/altcp_tls.h,lwip/core/altcp_tls.h
func,altcp_tls_wrap,tls_transport,src/include/lwip/altcp_tls.h,lwip/core/altcp_tls.h
func,altcp_tls_new,tls_transport,src/include/lwip/altcp_tls.h,lwip/core/altcp_tls.h
func,altcp_tls_alloc,tls_transport,src/include/lwip/altcp_tls.h,lwip/core/altcp_tls.h
func,altcp_tls_init_session,tls_transport,src/include/lwip/altcp_tls.h,lwip/core/altcp_tls.h
func,altcp_tls_get_session,tls_transport,src/include/lwip/altcp_tls.h,lwip/core/altcp_tls.h
func,altcp_tls_set_session,tls_transport,src/include/lwip/altcp_tls.h,lwip/core/altcp_tls.h
func,altcp_tls_free_session,tls_transport,src/include/lwip/altcp_tls.h,lwip/core/altcp_tls.h
func,autoip_set_struct,autoip,src/include/lwip/autoip.h,lwip/core/autoip.h
func,autoip_remove_struct,autoip,src/include/lwip/autoip.h,lwip/core/autoip.h
func,autoip_start,autoip,src/include/lwip/autoip.h,lwip/core/autoip.h
func,autoip_stop,autoip,src/include/lwip/autoip.h,lwip/core/autoip.h
func,autoip_network_changed_link_up,autoip,src/include/lwip/autoip.h,lwip/core/autoip.h
func,autoip_network_changed_link_down,autoip,src/include/lwip/autoip.h,lwip/core/autoip.h
func,autoip_supplied_address,autoip,src/include/lwip/autoip.h,lwip/core/autoip.h
func,autoip_accept_packet,autoip,src/include/lwip/autoip.h,lwip/core/autoip.h
func,lwip_htons,core,src/include/lwip/def.h,lwip/core/def.h
func,lwip_htonl,core,src/include/lwip/def.h,lwip/core/def.h
func,lwip_itoa,core,src/include/lwip/def.h,lwip/core/def.h
func,lwip_strnicmp,core,src/include/lwip/def.h,lwip/core/def.h
func,lwip_stricmp,core,src/include/lwip/def.h,lwip/core/def.h
func,lwip_strnstr,core,src/include/lwip/def.h,lwip/core/def.h
func,lwip_strnistr,core,src/include/lwip/def.h,lwip/core/def.h
func,lwip_memcmp_consttime,core,src/include/lwip/def.h,lwip/core/def.h
func,dhcp_set_struct,dhcp,src/include/lwip/dhcp.h,lwip/core/dhcp.h
func,dhcp_cleanup,dhcp,src/include/lwip/dhcp.h,lwip/core/dhcp.h
func,dhcp_start,dhcp,src/include/lwip/dhcp.h,lwip/core/dhcp.h
func,dhcp_renew,dhcp,src/include/lwip/dhcp.h,lwip/core/dhcp.h
func,dhcp_release,dhcp,src/include/lwip/dhcp.h,lwip/core/dhcp.h
func,dhcp_stop,dhcp,src/include/lwip/dhcp.h,lwip/core/dhcp.h
func,dhcp_release_and_stop,dhcp,src/include/lwip/dhcp.h,lwip/core/dhcp.h
func,dhcp_inform,dhcp,src/include/lwip/dhcp.h,lwip/core/dhcp.h
func,dhcp_network_changed_link_up,dhcp,src/include/lwip/dhcp.h,lwip/core/dhcp.h
func,dhcp_supplied_address,dhcp,src/include/lwip/dhcp.h,lwip/core/dhcp.h
func,dns_setserver,dns,src/include/lwip/dns.h,lwip/core/dns.h
func,dns_getserver,dns,src/include/lwip/dns.h,lwip/core/dns.h
func,dns_gethostbyname,dns,src/include/lwip/dns.h,lwip/core/dns.h
func,dns_gethostbyname_addrtype,dns,src/include/lwip/dns.h,lwip/core/dns.h
func,etharp_find_addr,arp,src/include/lwip/etharp.h,lwip/core/etharp.h
func,etharp_get_entry,arp,src/include/lwip/etharp.h,lwip/core/etharp.h
func,etharp_output,arp,src/include/lwip/etharp.h,lwip/core/etharp.h
func,etharp_query,arp,src/include/lwip/etharp.h,lwip/core/etharp.h
func,etharp_request,arp,src/include/lwip/etharp.h,lwip/core/etharp.h
func,etharp_cleanup_netif,arp,src/include/lwip/etharp.h,lwip/core/etharp.h
func,etharp_acd_probe,arp,src/include/lwip/etharp.h,lwip/core/etharp.h
func,etharp_acd_announce,arp,src/include/lwip/etharp.h,lwip/core/etharp.h
func,etharp_input,arp,src/include/lwip/etharp.h,lwip/core/etharp.h
func,icmp_input,icmp,src/include/lwip/icmp.h,lwip/core/icmp.h
func,icmp_dest_unreach,icmp,src/include/lwip/icmp.h,lwip/core/icmp.h
func,icmp_time_exceeded,icmp,src/include/lwip/icmp.h,lwip/core/icmp.h
func,icmp6_input,icmp6,src/include/lwip/icmp6.h,lwip/core/icmp6.h
func,icmp6_dest_unreach,icmp6,src/include/lwip/icmp6.h,lwip/core/icmp6.h
func,icmp6_packet_too_big,icmp6,src/include/lwip/icmp6.h,lwip/core/icmp6.h
func,icmp6_time_exceeded,icmp6,src/include/lwip/icmp6.h,lwip/core/icmp6.h
func,icmp6_time_exceeded_with_addrs,icmp6,src/include/lwip/icmp6.h,lwip/core/icmp6.h
func,icmp6_param_problem,icmp6,src/include/lwip/icmp6.h,lwip/core/icmp6.h
func,igmp_start,igmp,src/include/lwip/igmp.h,lwip/core/igmp.h
func,igmp_stop,igmp,src/include/lwip/igmp.h,lwip/core/igmp.h
func,igmp_report_groups,igmp,src/include/lwip/igmp.h,lwip/core/igmp.h
func,igmp_lookfor_group,igmp,src/include/lwip/igmp.h,lwip/core/igmp.h
func,igmp_input,igmp,src/include/lwip/igmp.h,lwip/core/igmp.h
func,igmp_joingroup,igmp,src/include/lwip/igmp.h,lwip/core/igmp.h
func,igmp_joingroup_netif,igmp,src/include/lwip/igmp.h,lwip/core/igmp.h
func,igmp_leavegroup,igmp,src/include/lwip/igmp.h,lwip/core/igmp.h
func,igmp_leavegroup_netif,igmp,src/include/lwip/igmp.h,lwip/core/igmp.h
func,inet_chksum,checksum,src/include/lwip/inet_chksum.h,lwip/core/inet_chksum.h
func,inet_chksum_pbuf,checksum,src/include/lwip/inet_chksum.h,lwip/core/inet_chksum.h
func,inet_chksum_pseudo,checksum,src/include/lwip/inet_chksum.h,lwip/core/inet_chksum.h
func,inet_chksum_pseudo_partial,checksum,src/include/lwip/inet_chksum.h,lwip/core/inet_chksum.h
func,ip6_chksum_pseudo,checksum,src/include/lwip/inet_chksum.h,lwip/core/inet_chksum.h
func,ip6_chksum_pseudo_partial,checksum,src/include/lwip/inet_chksum.h,lwip/core/inet_chksum.h
func,ip_chksum_pseudo,checksum,src/include/lwip/inet_chksum.h,lwip/core/inet_chksum.h
func,ip_chksum_pseudo_partial,checksum,src/include/lwip/inet_chksum.h,lwip/core/inet_chksum.h
func,lwip_init,core,src/include/lwip/init.h,lwip/core/init.h
func,ip_input,ip,src/include/lwip/ip.h,lwip/core/ip.h
func,ip4_route,ip,src/include/lwip/ip4.h,lwip/core/ip4.h
func,ip4_input,ip,src/include/lwip/ip4.h,lwip/core/ip4.h
func,ip4_output,ip,src/include/lwip/ip4.h,lwip/core/ip4.h
func,ip4_output_if,ip,src/include/lwip/ip4.h,lwip/core/ip4.h
func,ip4_output_if_src,ip,src/include/lwip/ip4.h,lwip/core/ip4.h
func,ip4_output_if_opt,ip,src/include/lwip/ip4.h,lwip/core/ip4.h
func,ip4_output_if_opt_src,ip,src/include/lwip/ip4.h,lwip/core/ip4.h
func,ip4_set_default_multicast_netif,ip,src/include/lwip/ip4.h,lwip/core/ip4.h
func,ip4_addr_isbroadcast_u32,ip,src/include/lwip/ip4_addr.h,lwip/core/ip4_addr.h
func,ip4_addr_netmask_valid,ip,src/include/lwip/ip4_addr.h,lwip/core/ip4_addr.h
func,ipaddr_addr,ip,src/include/lwip/ip4_addr.h,lwip/core/ip4_addr.h
func,ip4addr_aton,ip,src/include/lwip/ip4_addr.h,lwip/core/ip4_addr.h
func,ip4addr_ntoa,ip,src/include/lwip/ip4_addr.h,lwip/core/ip4_addr.h
func,ip4addr_ntoa_r,ip,src/include/lwip/ip4_addr.h,lwip/core/ip4_addr.h
func,ip4_reass,ip4_frag,src/include/lwip/ip4_frag.h,lwip/core/ip4_frag.h
func,ip4_frag,ip4_frag,src/include/lwip/ip4_frag.h,lwip/core/ip4_frag.h
func,ip6_route,ip,src/include/lwip/ip6.h,lwip/core/ip6.h
func,ip6_select_source_address,ip,src/include/lwip/ip6.h,lwip/core/ip6.h
func,ip6_input,ip,src/include/lwip/ip6.h,lwip/core/ip6.h
func,ip6_output,ip,src/include/lwip/ip6.h,lwip/core/ip6.h
func,ip6_output_if,ip,src/include/lwip/ip6.h,lwip/core/ip6.h
func,ip6_output_if_src,ip,src/include/lwip/ip6.h,lwip/core/ip6.h
func,ip6_options_add_hbh_ra,ip,src/include/lwip/ip6.h,lwip/core/ip6.h
func,ip6addr_aton,ip,src/include/lwip/ip6_addr.h,lwip/core/ip6_addr.h
func,ip6addr_ntoa,ip,src/include/lwip/ip6_addr.h,lwip/core/ip6_addr.h
func,ip6addr_ntoa_r,ip,src/include/lwip/ip6_addr.h,lwip/core/ip6_addr.h
func,ip6_reass,ip6_frag,src/include/lwip/ip6_frag.h,lwip/core/ip6_frag.h
func,ip6_frag,ip6_frag,src/include/lwip/ip6_frag.h,lwip/core/ip6_frag.h
func,ipaddr_ntoa,ip,src/include/lwip/ip_addr.h,lwip/core/ip_addr.h
func,ipaddr_ntoa_r,ip,src/include/lwip/ip_addr.h,lwip/core/ip_addr.h
func,ipaddr_aton,ip,src/include/lwip/ip_addr.h,lwip/core/ip_addr.h
func,mem_trim,memory,src/include/lwip/mem.h,lwip/core/mem.h
func,mem_malloc,memory,src/include/lwip/mem.h,lwip/core/mem.h
func,mem_calloc,memory,src/include/lwip/mem.h,lwip/core/mem.h
func,mem_free,memory,src/include/lwip/mem.h,lwip/core/mem.h
func,mem_get_stats,memory,src/include/lwip/mem.h,lwip/core/mem.h
func,mem_request,memory,src/include/lwip/mem.h,lwip/core/mem.h
func,mem_resize,memory,src/include/lwip/mem.h,lwip/core/mem.h
func,mem_release,memory,src/include/lwip/mem.h,lwip/core/mem.h
func,memp_malloc,memp,src/include/lwip/memp.h,lwip/core/memp.h
func,memp_free,memp,src/include/lwip/memp.h,lwip/core/memp.h
func,mld6_stop,mld6,src/include/lwip/mld6.h,lwip/core/mld6.h
func,mld6_report_groups,mld6,src/include/lwip/mld6.h,lwip/core/mld6.h
func,mld6_lookfor_group,mld6,src/include/lwip/mld6.h,lwip/core/mld6.h
func,mld6_input,mld6,src/include/lwip/mld6.h,lwip/core/mld6.h
func,mld6_joingroup,mld6,src/include/lwip/mld6.h,lwip/core/mld6.h
func,mld6_joingroup_netif,mld6,src/include/lwip/mld6.h,lwip/core/mld6.h
func,mld6_leavegroup,mld6,src/include/lwip/mld6.h,lwip/core/mld6.h
func,mld6_leavegroup_netif,mld6,src/include/lwip/mld6.h,lwip/core/mld6.h
func,nd6_input,nd6,src/include/lwip/nd6.h,lwip/core/nd6.h
func,nd6_clear_destination_cache,nd6,src/include/lwip/nd6.h,lwip/core/nd6.h
func,nd6_find_route,nd6,src/include/lwip/nd6.h,lwip/core/nd6.h
func,nd6_get_next_hop_addr_or_queue,nd6,src/include/lwip/nd6.h,lwip/core/nd6.h
func,nd6_get_destination_mtu,nd6,src/include/lwip/nd6.h,lwip/core/nd6.h
func,nd6_reachability_hint,nd6,src/include/lwip/nd6.h,lwip/core/nd6.h
func,nd6_cleanup_netif,nd6,src/include/lwip/nd6.h,lwip/core/nd6.h
func,nd6_adjust_mld_membership,nd6,src/include/lwip/nd6.h,lwip/core/nd6.h
func,nd6_restart_netif,nd6,src/include/lwip/nd6.h,lwip/core/nd6.h
func,netif_alloc_client_data_id,netif,src/include/lwip/netif.h,lwip/core/netif.h
func,netif_add_noaddr,netif,src/include/lwip/netif.h,lwip/core/netif.h
func,netif_add,netif,src/include/lwip/netif.h,lwip/core/netif.h
func,netif_set_addr,netif,src/include/lwip/netif.h,lwip/core/netif.h
func,netif_remove,netif,src/include/lwip/netif.h,lwip/core/netif.h
func,netif_find,netif,src/include/lwip/netif.h,lwip/core/netif.h
func,netif_set_default,netif,src/include/lwip/netif.h,lwip/core/netif.h
func,netif_set_ipaddr,netif,src/include/lwip/netif.h,lwip/core/netif.h
func,netif_set_netmask,netif,src/include/lwip/netif.h,lwip/core/netif.h
func,netif_set_gw,netif,src/include/lwip/netif.h,lwip/core/netif.h
func,netif_set_up,netif,src/include/lwip/netif.h,lwip/core/netif.h
func,netif_set_down,netif,src/include/lwip/netif.h,lwip/core/netif.h
func,netif_set_status_callback,netif,src/include/lwip/netif.h,lwip/core/netif.h
func,netif_set_remove_callback,netif,src/include/lwip/netif.h,lwip/core/netif.h
func,netif_set_link_up,netif,src/include/lwip/netif.h,lwip/core/netif.h
func,netif_set_link_down,netif,src/include/lwip/netif.h,lwip/core/netif.h
func,netif_set_link_callback,netif,src/include/lwip/netif.h,lwip/core/netif.h
func,netif_loop_output,netif,src/include/lwip/netif.h,lwip/core/netif.h
func,netif_poll,netif,src/include/lwip/netif.h,lwip/core/netif.h
func,netif_poll_all,netif,src/include/lwip/netif.h,lwip/core/netif.h
func,netif_input,netif,src/include/lwip/netif.h,lwip/core/netif.h
func,netif_ip6_addr_set,netif,src/include/lwip/netif.h,lwip/core/netif.h
func,netif_ip6_addr_set_parts,netif,src/include/lwip/netif.h,lwip/core/netif.h
func,netif_ip6_addr_set_state,netif,src/include/lwip/netif.h,lwip/core/netif.h
func,netif_get_ip6_addr_match,netif,src/include/lwip/netif.h,lwip/core/netif.h
func,netif_create_ip6_linklocal_address,netif,src/include/lwip/netif.h,lwip/core/netif.h
func,netif_add_ip6_address,netif,src/include/lwip/netif.h,lwip/core/netif.h
func,netif_name_to_index,netif,src/include/lwip/netif.h,lwip/core/netif.h
func,netif_index_to_name,netif,src/include/lwip/netif.h,lwip/core/netif.h
func,netif_get_by_index,netif,src/include/lwip/netif.h,lwip/core/netif.h
func,netif_add_ext_callback,netif,src/include/lwip/netif.h,lwip/core/netif.h
func,netif_remove_ext_callback,netif,src/include/lwip/netif.h,lwip/core/netif.h
func,pbuf_free_ooseq,pbuf,src/include/lwip/pbuf.h,lwip/core/pbuf.h
func,pbuf_alloc,pbuf,src/include/lwip/pbuf.h,lwip/core/pbuf.h
func,pbuf_alloc_reference,pbuf,src/include/lwip/pbuf.h,lwip/core/pbuf.h
func,pbuf_alloced_custom,pbuf,src/include/lwip/pbuf.h,lwip/core/pbuf.h
func,pbuf_realloc,pbuf,src/include/lwip/pbuf.h,lwip/core/pbuf.h
func,pbuf_header,pbuf,src/include/lwip/pbuf.h,lwip/core/pbuf.h
func,pbuf_header_force,pbuf,src/include/lwip/pbuf.h,lwip/core/pbuf.h
func,pbuf_add_header,pbuf,src/include/lwip/pbuf.h,lwip/core/pbuf.h
func,pbuf_add_header_force,pbuf,src/include/lwip/pbuf.h,lwip/core/pbuf.h
func,pbuf_remove_header,pbuf,src/include/lwip/pbuf.h,lwip/core/pbuf.h
func,pbuf_free_header,pbuf,src/include/lwip/pbuf.h,lwip/core/pbuf.h
func,pbuf_ref,pbuf,src/include/lwip/pbuf.h,lwip/core/pbuf.h
func,pbuf_free,pbuf,src/include/lwip/pbuf.h,lwip/core/pbuf.h
func,pbuf_clen,pbuf,src/include/lwip/pbuf.h,lwip/core/pbuf.h
func,pbuf_cat,pbuf,src/include/lwip/pbuf.h,lwip/core/pbuf.h
func,pbuf_chain,pbuf,src/include/lwip/pbuf.h,lwip/core/pbuf.h
func,pbuf_dechain,pbuf,src/include/lwip/pbuf.h,lwip/core/pbuf.h
func,pbuf_copy,pbuf,src/include/lwip/pbuf.h,lwip/core/pbuf.h
func,pbuf_copy_partial_pbuf,pbuf,src/include/lwip/pbuf.h,lwip/core/pbuf.h
func,pbuf_copy_partial,pbuf,src/include/lwip/pbuf.h,lwip/core/pbuf.h
func,pbuf_get_contiguous,pbuf,src/include/lwip/pbuf.h,lwip/core/pbuf.h
func,pbuf_take,pbuf,src/include/lwip/pbuf.h,lwip/core/pbuf.h
func,pbuf_take_at,pbuf,src/include/lwip/pbuf.h,lwip/core/pbuf.h
func,pbuf_skip,pbuf,src/include/lwip/pbuf.h,lwip/core/pbuf.h
func,pbuf_coalesce,pbuf,src/include/lwip/pbuf.h,lwip/core/pbuf.h
func,pbuf_clone,pbuf,src/include/lwip/pbuf.h,lwip/core/pbuf.h
func,pbuf_get_at,pbuf,src/include/lwip/pbuf.h,lwip/core/pbuf.h
func,pbuf_try_get_at,pbuf,src/include/lwip/pbuf.h,lwip/core/pbuf.h
func,pbuf_put_at,pbuf,src/include/lwip/pbuf.h,lwip/core/pbuf.h
func,pbuf_memcmp,pbuf,src/include/lwip/pbuf.h,lwip/core/pbuf.h
func,pbuf_memfind,pbuf,src/include/lwip/pbuf.h,lwip/core/pbuf.h
func,pbuf_strstr,pbuf,src/include/lwip/pbuf.h,lwip/core/pbuf.h
func,raw_new,raw,src/include/lwip/raw.h,lwip/core/raw.h
func,raw_new_ip_type,raw,src/include/lwip/raw.h,lwip/core/raw.h
func,raw_remove,raw,src/include/lwip/raw.h,lwip/core/raw.h
func,raw_bind,raw,src/include/lwip/raw.h,lwip/core/raw.h
func,raw_bind_netif,raw,src/include/lwip/raw.h,lwip/core/raw.h
func,raw_connect,raw,src/include/lwip/raw.h,lwip/core/raw.h
func,raw_disconnect,raw,src/include/lwip/raw.h,lwip/core/raw.h
func,raw_sendto,raw,src/include/lwip/raw.h,lwip/core/raw.h
func,raw_sendto_if_src,raw,src/include/lwip/raw.h,lwip/core/raw.h
func,raw_send,raw,src/include/lwip/raw.h,lwip/core/raw.h
func,raw_recv,raw,src/include/lwip/raw.h,lwip/core/raw.h
func,lwip_sntp_set_timezone_offset,time,src/include/lwip/sntp_time.h,lwip/core/sntp_time.h
func,lwip_sntp_set_dst_enabled,time,src/include/lwip/sntp_time.h,lwip/core/sntp_time.h
func,lwip_sntp_set_time,time,src/include/lwip/sntp_time.h,lwip/core/sntp_time.h
func,lwip_sntp_reset_flag,time,src/include/lwip/sntp_time.h,lwip/core/sntp_time.h
func,lwip_sntp_time_was_set,time,src/include/lwip/sntp_time.h,lwip/core/sntp_time.h
func,lwip_sntp_get_unix_time,time,src/include/lwip/sntp_time.h,lwip/core/sntp_time.h
func,sys_timeout,timeouts,src/include/lwip/timeouts.h,lwip/core/timeouts.h
func,sys_untimeout,timeouts,src/include/lwip/timeouts.h,lwip/core/timeouts.h
func,tcp_new,tcp,src/include/lwip/tcp.h,lwip/core/tcp.h
func,tcp_new_ip_type,tcp,src/include/lwip/tcp.h,lwip/core/tcp.h
func,tcp_arg,tcp,src/include/lwip/tcp.h,lwip/core/tcp.h
func,tcp_recv,tcp,src/include/lwip/tcp.h,lwip/core/tcp.h
func,tcp_sent,tcp,src/include/lwip/tcp.h,lwip/core/tcp.h
func,tcp_err,tcp,src/include/lwip/tcp.h,lwip/core/tcp.h
func,tcp_accept,tcp,src/include/lwip/tcp.h,lwip/core/tcp.h
func,tcp_poll,tcp,src/include/lwip/tcp.h,lwip/core/tcp.h
func,tcp_backlog_delayed,tcp,src/include/lwip/tcp.h,lwip/core/tcp.h
func,tcp_backlog_accepted,tcp,src/include/lwip/tcp.h,lwip/core/tcp.h
func,tcp_recved,tcp,src/include/lwip/tcp.h,lwip/core/tcp.h
func,tcp_bind,tcp,src/include/lwip/tcp.h,lwip/core/tcp.h
func,tcp_bind_netif,tcp,src/include/lwip/tcp.h,lwip/core/tcp.h
func,tcp_connect,tcp,src/include/lwip/tcp.h,lwip/core/tcp.h
func,tcp_listen_with_backlog_and_err,tcp,src/include/lwip/tcp.h,lwip/core/tcp.h
func,tcp_listen_with_backlog,tcp,src/include/lwip/tcp.h,lwip/core/tcp.h
func,tcp_abort,tcp,src/include/lwip/tcp.h,lwip/core/tcp.h
func,tcp_close,tcp,src/include/lwip/tcp.h,lwip/core/tcp.h
func,tcp_shutdown,tcp,src/include/lwip/tcp.h,lwip/core/tcp.h
func,tcp_write,tcp,src/include/lwip/tcp.h,lwip/core/tcp.h
func,tcp_setprio,tcp,src/include/lwip/tcp.h,lwip/core/tcp.h
func,tcp_output,tcp,src/include/lwip/tcp.h,lwip/core/tcp.h
func,tcp_tcp_get_tcp_addrinfo,tcp,src/include/lwip/tcp.h,lwip/core/tcp.h
func,udp_new,udp,src/include/lwip/udp.h,lwip/core/udp.h
func,udp_new_ip_type,udp,src/include/lwip/udp.h,lwip/core/udp.h
func,udp_remove,udp,src/include/lwip/udp.h,lwip/core/udp.h
func,udp_bind,udp,src/include/lwip/udp.h,lwip/core/udp.h
func,udp_bind_netif,udp,src/include/lwip/udp.h,lwip/core/udp.h
func,udp_connect,udp,src/include/lwip/udp.h,lwip/core/udp.h
func,udp_disconnect,udp,src/include/lwip/udp.h,lwip/core/udp.h
func,udp_recv,udp,src/include/lwip/udp.h,lwip/core/udp.h
func,udp_sendto_if,udp,src/include/lwip/udp.h,lwip/core/udp.h
func,udp_sendto_if_src,udp,src/include/lwip/udp.h,lwip/core/udp.h
func,udp_sendto,udp,src/include/lwip/udp.h,lwip/core/udp.h
func,udp_send,udp,src/include/lwip/udp.h,lwip/core/udp.h
func,udp_input,udp,src/include/lwip/udp.h,lwip/core/udp.h
func,udp_netif_ip_addr_changed,udp,src/include/lwip/udp.h,lwip/core/udp.h
func,eth_get_interfaces,driver,src/drivers/usb_ethernet.h,lwip/drivers/usb_ethernet.h
func,netif_is_link_error,driver,src/drivers/usb_ethernet.h,lwip/drivers/usb_ethernet.h
func,eth_usb_event_callback,driver,src/drivers/usb_ethernet.h,lwip/drivers/usb_ethernet.h
func,tls_x25519_publickey,cryptography,src/tls/contrib/x25519/src/x25519.h,lwip/cryptography/x25519.h
func,tls_x25519_secret,cryptography,src/tls/contrib/x25519/src/x25519.h,lwip/cryptography/x25519.h
struct,lwip_socket,socket,src/lwIP.h,lwip.h
typedef,lwip_error_t,socket,src/lwIP.h,lwip.h
typedef,lwip_netif_info_t,socket,src/lwIP.h,lwip.h
typedef,lwip_netif_service_cb,socket,src/lwIP.h,lwip.h
typedef,lwip_netif_service_status_t,socket,src/lwIP.h,lwip.h
typedef,lwip_socket_addrinfo_t,socket,src/lwIP.h,lwip.h
typedef,lwip_socket_bind_descriptor_t,socket,src/lwIP.h,lwip.h
typedef,lwip_socket_event_cb,socket,src/lwIP.h,lwip.h
typedef,lwip_socket_event_type_t,socket,src/lwIP.h,lwip.h
typedef,lwip_socket_type_t,socket,src/lwIP.h,lwip.h
typedef,lwip_status_t,socket,src/lwIP.h,lwip.h
struct,acd,core,src/include/lwip/acd.h,lwip/core/acd.h
typedef,acd_conflict_callback_t,core,src/include/lwip/acd.h,lwip/core/acd.h
struct,altcp_allocator_s,core,src/include/lwip/altcp.h,lwip/core/altcp.h
struct,altcp_pcb,core,src/include/lwip/altcp.h,lwip/core/altcp.h
typedef,altcp_accept_fn,core,src/include/lwip/altcp.h,lwip/core/altcp.h
typedef,altcp_allocator_t,core,src/include/lwip/altcp.h,lwip/core/altcp.h
typedef,altcp_connected_fn,core,src/include/lwip/altcp.h,lwip/core/altcp.h
typedef,altcp_err_fn,core,src/include/lwip/altcp.h,lwip/core/altcp.h
typedef,altcp_new_fn,core,src/include/lwip/altcp.h,lwip/core/altcp.h
typedef,altcp_poll_fn,core,src/include/lwip/altcp.h,lwip/core/altcp.h
typedef,altcp_recv_fn,core,src/include/lwip/altcp.h,lwip/core/altcp.h
typedef,altcp_sent_fn,core,src/include/lwip/altcp.h,lwip/core/altcp.h
struct,altcp_functions,core,src/include/lwip/priv/altcp_priv.h,lwip/core/altcp_priv.h
typedef,altcp_abort_fn,core,src/include/lwip/priv/altcp_priv.h,lwip/core/altcp_priv.h
typedef,altcp_bind_fn,core,src/include/lwip/priv/altcp_priv.h,lwip/core/altcp_priv.h
typedef,altcp_close_fn,core,src/include/lwip/priv/altcp_priv.h,lwip/core/altcp_priv.h
typedef,altcp_connect_fn,core,src/include/lwip/priv/altcp_priv.h,lwip/core/altcp_priv.h
typedef,altcp_dbg_get_tcp_state_fn,core,src/include/lwip/priv/altcp_priv.h,lwip/core/altcp_priv.h
typedef,altcp_dealloc_fn,core,src/include/lwip/priv/altcp_priv.h,lwip/core/altcp_priv.h
typedef,altcp_get_ip_fn,core,src/include/lwip/priv/altcp_priv.h,lwip/core/altcp_priv.h
typedef,altcp_get_port_fn,core,src/include/lwip/priv/altcp_priv.h,lwip/core/altcp_priv.h
typedef,altcp_get_tcp_addrinfo_fn,core,src/include/lwip/priv/altcp_priv.h,lwip/core/altcp_priv.h
typedef,altcp_keepalive_disable_fn,core,src/include/lwip/priv/altcp_priv.h,lwip/core/altcp_priv.h
typedef,altcp_keepalive_enable_fn,core,src/include/lwip/priv/altcp_priv.h,lwip/core/altcp_priv.h
typedef,altcp_listen_fn,core,src/include/lwip/priv/altcp_priv.h,lwip/core/altcp_priv.h
typedef,altcp_mss_fn,core,src/include/lwip/priv/altcp_priv.h,lwip/core/altcp_priv.h
typedef,altcp_nagle_disable_fn,core,src/include/lwip/priv/altcp_priv.h,lwip/core/altcp_priv.h
typedef,altcp_nagle_disabled_fn,core,src/include/lwip/priv/altcp_priv.h,lwip/core/altcp_priv.h
typedef,altcp_nagle_enable_fn,core,src/include/lwip/priv/altcp_priv.h,lwip/core/altcp_priv.h
typedef,altcp_output_fn,core,src/include/lwip/priv/altcp_priv.h,lwip/core/altcp_priv.h
typedef,altcp_recved_fn,core,src/include/lwip/priv/altcp_priv.h,lwip/core/altcp_priv.h
typedef,altcp_set_poll_fn,core,src/include/lwip/priv/altcp_priv.h,lwip/core/altcp_priv.h
typedef,altcp_setprio_fn,core,src/include/lwip/priv/altcp_priv.h,lwip/core/altcp_priv.h
typedef,altcp_shutdown_fn,core,src/include/lwip/priv/altcp_priv.h,lwip/core/altcp_priv.h
typedef,altcp_sndbuf_fn,core,src/include/lwip/priv/altcp_priv.h,lwip/core/altcp_priv.h
typedef,altcp_sndqueuelen_fn,core,src/include/lwip/priv/altcp_priv.h,lwip/core/altcp_priv.h
typedef,altcp_write_fn,core,src/include/lwip/priv/altcp_priv.h,lwip/core/altcp_priv.h
macro,TLS_PSK_IDENTITY_MAX_LEN,core,src/tls/includes/handshake.h,lwip/core/altcp_tls.h
struct,altcp_tls_config,core,src/include/lwip/altcp_tls.h,lwip/core/altcp_tls.h
struct,altcp_tls_session,core,src/include/lwip/altcp_tls.h,lwip/core/altcp_tls.h
struct,tls_psk_identity,core,src/tls/includes/handshake.h,lwip/core/altcp_tls.h
macro,PACK_STRUCT_FIELD,core,src/include/lwip/arch.h,lwip/core/arch.h
macro,PACK_STRUCT_FLD_8,core,src/include/lwip/arch.h,lwip/core/arch.h
macro,PACK_STRUCT_FLD_S,core,src/include/lwip/arch.h,lwip/core/arch.h
macro,PACK_STRUCT_STRUCT,core,src/include/lwip/arch.h,lwip/core/arch.h
typedef,s16_t,core,src/include/lwip/arch.h,lwip/core/arch.h
typedef,s32_t,core,src/include/lwip/arch.h,lwip/core/arch.h
typedef,s8_t,core,src/include/lwip/arch.h,lwip/core/arch.h
typedef,u16_t,core,src/include/lwip/arch.h,lwip/core/arch.h
typedef,u32_t,core,src/include/lwip/arch.h,lwip/core/arch.h
typedef,u8_t,core,src/include/lwip/arch.h,lwip/core/arch.h
struct,autoip,core,src/include/lwip/autoip.h,lwip/core/autoip.h
macro,LWIP_DEBUG,core,src/include/lwip/debug.h,lwip/core/debug.h
macro,PP_HTONL,core,src/include/lwip/def.h,lwip/core/def.h
macro,PP_HTONS,core,src/include/lwip/def.h,lwip/core/def.h
macro,PP_NTOHL,core,src/include/lwip/def.h,lwip/core/def.h
macro,PP_NTOHS,core,src/include/lwip/def.h,lwip/core/def.h
macro,DHCP_BOOT_FILE_LEN,core,src/include/lwip/dhcp.h,lwip/core/dhcp.h
struct,dhcp,core,src/include/lwip/dhcp.h,lwip/core/dhcp.h
typedef,dhcp_timeout_t,core,src/include/lwip/dhcp.h,lwip/core/dhcp.h
typedef,dns_found_callback,core,src/include/lwip/dns.h,lwip/core/dns.h
enum,mem_buffer_type,core,src/drivers/mem.h,lwip/core/drivers_mem.h
struct,mem_buffer,core,src/drivers/mem.h,lwip/core/drivers_mem.h
struct,mem_file_slot,core,src/drivers/mem.h,lwip/core/drivers_mem.h
typedef,mem_drain_fn,core,src/drivers/mem.h,lwip/core/drivers_mem.h
typedef,mem_pressure_cb,core,src/drivers/mem.h,lwip/core/drivers_mem.h
typedef,err_t,core,src/include/lwip/err.h,lwip/core/err.h
enum,icmp_dur_type,core,src/include/lwip/icmp.h,lwip/core/icmp.h
enum,icmp_te_type,core,src/include/lwip/icmp.h,lwip/core/icmp.h
struct,igmp_group,core,src/include/lwip/igmp.h,lwip/core/igmp.h
macro,LWIP_VERSION_STRING,core,src/include/lwip/init.h,lwip/core/init.h
macro,LWIP_VERSION_STRING_SUFFIX,core,src/include/lwip/init.h,lwip/core/init.h
macro,LWIP_VERSTR,core,src/include/lwip/init.h,lwip/core/init.h
macro,LWIP_VERSTR2,core,src/include/lwip/init.h,lwip/core/init.h
macro,IP_PCB,core,src/include/lwip/ip.h,lwip/core/ip.h
macro,IP_PCB_NETIFHINT,core,src/include/lwip/ip.h,lwip/core/ip.h
macro,IP_OPTIONS_SEND,core,src/include/lwip/ip4.h,lwip/core/ip4.h
struct,ip4_addr,core,src/include/lwip/ip4_addr.h,lwip/core/ip4_addr.h
typedef,ip4_addr_t,core,src/include/lwip/ip4_addr.h,lwip/core/ip4_addr.h
macro,IP6ADDR_STRLEN_MAX,core,src/include/lwip/ip6_addr.h,lwip/core/ip6_addr.h
struct,ip6_addr,core,src/include/lwip/ip6_addr.h,lwip/core/ip6_addr.h
typedef,ip6_addr_t,core,src/include/lwip/ip6_addr.h,lwip/core/ip6_addr.h
struct,ip_addr,core,src/include/lwip/ip_addr.h,lwip/core/ip_addr.h
typedef,ip_addr_t,core,src/include/lwip/ip_addr.h,lwip/core/ip_addr.h
struct,lwip_event,core,src/include/lwip/logging.h,lwip/core/logging.h
typedef,lwip_event_fn,core,src/include/lwip/logging.h,lwip/core/logging.h
enum,mem_pressure_level,core,src/include/lwip/mem.h,lwip/core/mem.h
struct,mem_accounting_stats,core,src/include/lwip/mem.h,lwip/core/mem.h
typedef,mem_size_t,core,src/include/lwip/mem.h,lwip/core/mem.h
macro,LWIP_MEMPOOL,core,src/include/lwip/memp.h,lwip/core/memp.h
typedef,memp_t,core,src/include/lwip/memp.h,lwip/core/memp.h
macro,MLD6_TMR_INTERVAL,core,src/include/lwip/mld6.h,lwip/core/mld6.h
struct,mld_group,core,src/include/lwip/mld6.h,lwip/core/mld6.h
struct,addrinfo,core,src/include/lwip/netdb.h,lwip/core/netdb.h
enum,netif_mac_filter_action,core,src/include/lwip/netif.h,lwip/core/netif.h
macro,ENABLE_LOOPBACK,core,src/include/lwip/netif.h,lwip/core/netif.h
macro,LWIP_NETIF_USE_HINTS,core,src/include/lwip/netif.h,lwip/core/netif.h
macro,NETIF_MAX_HWADDR_LEN,core,src/include/lwip/netif.h,lwip/core/netif.h
struct,ipv4_changed_s,core,src/include/lwip/netif.h,lwip/core/netif.h
struct,ipv6_addr_state_changed_s,core,src/include/lwip/netif.h,lwip/core/netif.h
struct,ipv6_set_s,core,src/include/lwip/netif.h,lwip/core/netif.h
struct,link_changed_s,core,src/include/lwip/netif.h,lwip/core/netif.h
struct,netif,core,src/include/lwip/netif.h,lwip/core/netif.h
struct,netif_ext_callback,core,src/include/lwip/netif.h,lwip/core/netif.h
struct,netif_hint,core,src/include/lwip/netif.h,lwip/core/netif.h
struct,status_changed_s,core,src/include/lwip/netif.h,lwip/core/netif.h
typedef,netif_ext_callback_args_t,core,src/include/lwip/netif.h,lwip/core/netif.h
typedef,netif_ext_callback_fn,core,src/include/lwip/netif.h,lwip/core/netif.h
typedef,netif_ext_callback_t,core,src/include/lwip/netif.h,lwip/core/netif.h
typedef,netif_igmp_mac_filter_fn,core,src/include/lwip/netif.h,lwip/core/netif.h
typedef,netif_init_fn,core,src/include/lwip/netif.h,lwip/core/netif.h
typedef,netif_input_fn,core,src/include/lwip/netif.h,lwip/core/netif.h
typedef,netif_linkoutput_fn,core,src/include/lwip/netif.h,lwip/core/netif.h
typedef,netif_mld_mac_filter_fn,core,src/include/lwip/netif.h,lwip/core/netif.h
typedef,netif_nsc_reason_t,core,src/include/lwip/netif.h,lwip/core/netif.h
typedef,netif_output_fn,core,src/include/lwip/netif.h,lwip/core/netif.h
typedef,netif_output_ip6_fn,core,src/include/lwip/netif.h,lwip/core/netif.h
typedef,netif_status_callback_fn,core,src/include/lwip/netif.h,lwip/core/netif.h
macro,IP_FRAG,core,src/include/lwip/opt.h,lwip/core/opt.h
macro,LWIP_ACD,core,src/include/lwip/opt.h,lwip/core/opt.h
macro,LWIP_AUTOIP,core,src/include/lwip/opt.h,lwip/core/opt.h
macro,LWIP_CALLBACK_API,core,src/include/lwip/opt.h,lwip/core/opt.h
macro,LWIP_CHECKSUM_CTRL_PER_NETIF,core,src/include/lwip/opt.h,lwip/core/opt.h
macro,LWIP_CHECKSUM_ON_COPY,core,src/include/lwip/opt.h,lwip/core/opt.h
macro,LWIP_DHCP,core,src/include/lwip/opt.h,lwip/core/opt.h
macro,LWIP_DHCP_BOOTP_FILE,core,src/include/lwip/opt.h,lwip/core/opt.h
macro,LWIP_DHCP_DOES_ACD_CHECK,core,src/include/lwip/opt.h,lwip/core/opt.h
macro,LWIP_ICMP,core,src/include/lwip/opt.h,lwip/core/opt.h
macro,LWIP_ICMP6,core,src/include/lwip/opt.h,lwip/core/opt.h
macro,LWIP_IGMP,core,src/include/lwip/opt.h,lwip/core/opt.h
macro,LWIP_IPV4,core,src/include/lwip/opt.h,lwip/core/opt.h
macro,LWIP_IPV6,core,src/include/lwip/opt.h,lwip/core/opt.h
macro,LWIP_IPV6_ADDRESS_LIFETIMES,core,src/include/lwip/opt.h,lwip/core/opt.h
macro,LWIP_IPV6_AUTOCONFIG,core,src/include/lwip/opt.h,lwip/core/opt.h
macro,LWIP_IPV6_MLD,core,src/include/lwip/opt.h,lwip/core/opt.h
macro,LWIP_IPV6_NUM_ADDRESSES,core,src/include/lwip/opt.h,lwip/core/opt.h
macro,LWIP_IPV6_SCOPES,core,src/include/lwip/opt.h,lwip/core/opt.h
macro,LWIP_IPV6_SEND_ROUTER_SOLICIT,core,src/include/lwip/opt.h,lwip/core/opt.h
macro,LWIP_LOOPBACK_MAX_PBUFS,core,src/include/lwip/opt.h,lwip/core/opt.h
macro,LWIP_MULTICAST_TX_OPTIONS,core,src/include/lwip/opt.h,lwip/core/opt.h
macro,LWIP_ND6_ALLOW_RA_UPDATES,core,src/include/lwip/opt.h,lwip/core/opt.h
macro,LWIP_ND6_TCP_REACHABILITY_HINTS,core,src/include/lwip/opt.h,lwip/core/opt.h
macro,LWIP_NETIF_HOSTNAME,core,src/include/lwip/opt.h,lwip/core/opt.h
macro,LWIP_NETIF_HWADDRHINT,core,src/include/lwip/opt.h,lwip/core/opt.h
macro,LWIP_NETIF_LINK_CALLBACK,core,src/include/lwip/opt.h,lwip/core/opt.h
macro,LWIP_NETIF_LOOPBACK,core,src/include/lwip/opt.h,lwip/core/opt.h
macro,LWIP_NETIF_LOOPBACK_MULTITHREADING,core,src/include/lwip/opt.h,lwip/core/opt.h
macro,LWIP_NETIF_REMOVE_CALLBACK,core,src/include/lwip/opt.h,lwip/core/opt.h
macro,LWIP_NETIF_STATUS_CALLBACK,core,src/include/lwip/opt.h,lwip/core/opt.h
macro,LWIP_NUM_NETIF_CLIENT_DATA,core,src/include/lwip/opt.h,lwip/core/opt.h
macro,LWIP_PBUF_CUSTOM_DATA,core,src/include/lwip/opt.h,lwip/core/opt.h
macro,LWIP_PBUF_REF_T,core,src/include/lwip/opt.h,lwip/core/opt.h
macro,LWIP_SINGLE_NETIF,core,src/include/lwip/opt.h,lwip/core/opt.h
macro,LWIP_TCP,core,src/include/lwip/opt.h,lwip/core/opt.h
macro,LWIP_TCP_KEEPALIVE,core,src/include/lwip/opt.h,lwip/core/opt.h
macro,LWIP_TCP_MAX_SACK_NUM,core,src/include/lwip/opt.h,lwip/core/opt.h
macro,LWIP_TCP_PCB_NUM_EXT_ARGS,core,src/include/lwip/opt.h,lwip/core/opt.h
macro,LWIP_TCP_SACK_OUT,core,src/include/lwip/opt.h,lwip/core/opt.h
macro,LWIP_TCP_TIMESTAMPS,core,src/include/lwip/opt.h,lwip/core/opt.h
macro,LWIP_UDP,core,src/include/lwip/opt.h,lwip/core/opt.h
macro,LWIP_UDPLITE,core,src/include/lwip/opt.h,lwip/core/opt.h
macro,LWIP_VLAN_PCP,core,src/include/lwip/opt.h,lwip/core/opt.h
macro,LWIP_WND_SCALE,core,src/include/lwip/opt.h,lwip/core/opt.h
macro,MIB2_STATS,core,src/include/lwip/opt.h,lwip/core/opt.h
macro,TCP_LISTEN_BACKLOG,core,src/include/lwip/opt.h,lwip/core/opt.h
macro,TCP_MSS,core,src/include/lwip/opt.h,lwip/core/opt.h
macro,TCP_OVERSIZE,core,src/include/lwip/opt.h,lwip/core/opt.h
macro,TCP_QUEUE_OOSEQ,core,src/include/lwip/opt.h,lwip/core/opt.h
macro,LWIP_SUPPORT_CUSTOM_PBUF,core,src/include/lwip/pbuf.h,lwip/core/pbuf.h
struct,pbuf,core,src/include/lwip/pbuf.h,lwip/core/pbuf.h
struct,pbuf_custom,core,src/include/lwip/pbuf.h,lwip/core/pbuf.h
typedef,pbuf_free_custom_fn,core,src/include/lwip/pbuf.h,lwip/core/pbuf.h
typedef,acd_callback_enum_t,core,src/include/lwip/prot/acd.h,lwip/core/prot_acd.h
typedef,acd_state_enum_t,core,src/include/lwip/prot/acd.h,lwip/core/prot_acd.h
macro,ETHARP_HWADDR_LEN,core,src/include/lwip/prot/etharp.h,lwip/core/prot_etharp.h
struct,etharp_hdr,core,src/include/lwip/prot/etharp.h,lwip/core/prot_etharp.h
struct,ip4_addr_wordaligned,core,src/include/lwip/prot/etharp.h,lwip/core/prot_etharp.h
macro,ETH_HWADDR_LEN,core,src/include/lwip/prot/ethernet.h,lwip/core/prot_ethernet.h
struct,eth_addr,core,src/include/lwip/prot/ethernet.h,lwip/core/prot_ethernet.h
enum,icmp6_dur_code,core,src/include/lwip/prot/icmp6.h,lwip/core/prot_icmp6.h
enum,icmp6_pp_code,core,src/include/lwip/prot/icmp6.h,lwip/core/prot_icmp6.h
enum,icmp6_te_code,core,src/include/lwip/prot/icmp6.h,lwip/core/prot_icmp6.h
struct,tcp_hdr,core,src/include/lwip/prot/tcp.h,lwip/core/prot_tcp.h
struct,raw_pcb,core,src/include/lwip/raw.h,lwip/core/raw.h
typedef,raw_recv_fn,core,src/include/lwip/raw.h,lwip/core/raw.h
struct,sockaddr,core,src/include/lwip/sockets.h,lwip/core/sockets.h
typedef,sa_family_t,core,src/include/lwip/sockets.h,lwip/core/sockets.h
typedef,socklen_t,core,src/include/lwip/sockets.h,lwip/core/sockets.h
struct,stats_mib2_netif_ctrs,core,src/include/lwip/stats.h,lwip/core/stats.h
macro,LWIP_TCP_SACK_VALID,core,src/include/lwip/tcp.h,lwip/core/tcp.h
macro,TCP_PCB_COMMON,core,src/include/lwip/tcp.h,lwip/core/tcp.h
macro,TCP_PCB_EXTARGS,core,src/include/lwip/tcp.h,lwip/core/tcp.h
macro,TCP_SNDQUEUELEN_OVERFLOW,core,src/include/lwip/tcp.h,lwip/core/tcp.h
macro,TF_ACK_DELAY,core,src/include/lwip/tcp.h,lwip/core/tcp.h
macro,TF_ACK_NOW,core,src/include/lwip/tcp.h,lwip/core/tcp.h
macro,TF_BACKLOGPEND,core,src/include/lwip/tcp.h,lwip/core/tcp.h
macro,TF_CLOSEPEND,core,src/include/lwip/tcp.h,lwip/core/tcp.h
macro,TF_FIN,core,src/include/lwip/tcp.h,lwip/core/tcp.h
macro,TF_INFR,core,src/include/lwip/tcp.h,lwip/core/tcp.h
macro,TF_NAGLEMEMERR,core,src/include/lwip/tcp.h,lwip/core/tcp.h
macro,TF_NODELAY,core,src/include/lwip/tcp.h,lwip/core/tcp.h
macro,TF_RTO,core,src/include/lwip/tcp.h,lwip/core/tcp.h
macro,TF_RXCLOSED,core,src/include/lwip/tcp.h,lwip/core/tcp.h
macro,TF_SACK,core,src/include/lwip/tcp.h,lwip/core/tcp.h
macro,TF_TIMESTAMP,core,src/include/lwip/tcp.h,lwip/core/tcp.h
macro,TF_WND_SCALE,core,src/include/lwip/tcp.h,lwip/core/tcp.h
struct,tcp_ext_arg_callbacks,core,src/include/lwip/tcp.h,lwip/core/tcp.h
struct,tcp_pcb,core,src/include/lwip/tcp.h,lwip/core/tcp.h
struct,tcp_pcb_ext_args,core,src/include/lwip/tcp.h,lwip/core/tcp.h
struct,tcp_pcb_listen,core,src/include/lwip/tcp.h,lwip/core/tcp.h
struct,tcp_sack_range,core,src/include/lwip/tcp.h,lwip/core/tcp.h
typedef,tcp_accept_fn,core,src/include/lwip/tcp.h,lwip/core/tcp.h
typedef,tcp_connected_fn,core,src/include/lwip/tcp.h,lwip/core/tcp.h
typedef,tcp_err_fn,core,src/include/lwip/tcp.h,lwip/core/tcp.h
typedef,tcp_extarg_callback_passive_open_fn,core,src/include/lwip/tcp.h,lwip/core/tcp.h
typedef,tcp_extarg_callback_pcb_destroyed_fn,core,src/include/lwip/tcp.h,lwip/core/tcp.h
typedef,tcp_poll_fn,core,src/include/lwip/tcp.h,lwip/core/tcp.h
typedef,tcp_recv_fn,core,src/include/lwip/tcp.h,lwip/core/tcp.h
typedef,tcp_sent_fn,core,src/include/lwip/tcp.h,lwip/core/tcp.h
typedef,tcpflags_t,core,src/include/lwip/tcp.h,lwip/core/tcp.h
macro,TCP_CHECKSUM_ON_COPY,core,src/include/lwip/priv/tcp_priv.h,lwip/core/tcp_priv.h
macro,TCP_OVERSIZE_DBGCHECK,core,src/include/lwip/priv/tcp_priv.h,lwip/core/tcp_priv.h
macro,TF_SEG_DATA_CHECKSUMMED,core,src/include/lwip/priv/tcp_priv.h,lwip/core/tcp_priv.h
macro,TF_SEG_OPTS_MSS,core,src/include/lwip/priv/tcp_priv.h,lwip/core/tcp_priv.h
macro,TF_SEG_OPTS_SACK_PERM,core,src/include/lwip/priv/tcp_priv.h,lwip/core/tcp_priv.h
macro,TF_SEG_OPTS_TS,core,src/include/lwip/priv/tcp_priv.h,lwip/core/tcp_priv.h
macro,TF_SEG_OPTS_WND_SCALE,core,src/include/lwip/priv/tcp_priv.h,lwip/core/tcp_priv.h
struct,tcp_seg,core,src/include/lwip/priv/tcp_priv.h,lwip/core/tcp_priv.h
enum,tcp_state,core,src/include/lwip/tcpbase.h,lwip/core/tcpbase.h
typedef,tcpwnd_size_t,core,src/include/lwip/tcpbase.h,lwip/core/tcpbase.h
struct,udp_pcb,core,src/include/lwip/udp.h,lwip/core/udp.h
typedef,udp_recv_fn,core,src/include/lwip/udp.h,lwip/core/udp.h
macro,TLS_AES_AUTH_TAG_SIZE,cryptography,src/tls/includes/aes.h,lwip/cryptography/aes.h
macro,TLS_AES_BLOCK_SIZE,cryptography,src/tls/includes/aes.h,lwip/cryptography/aes.h
struct,_ccm_private,cryptography,src/tls/includes/aes.h,lwip/cryptography/aes.h
struct,_gcm_private,cryptography,src/tls/includes/aes.h,lwip/cryptography/aes.h
struct,tls_aes_context,cryptography,src/tls/includes/aes.h,lwip/cryptography/aes.h
struct,tls_asn1_cursor,cryptography,src/tls/includes/asn1.h,lwip/cryptography/asn1.h
struct,tls_asn1_serialization,cryptography,src/tls/includes/asn1.h,lwip/cryptography/asn1.h
struct,tls_asn1_tlv,cryptography,src/tls/includes/asn1.h,lwip/cryptography/asn1.h
struct,tls_hash_context,cryptography,src/tls/includes/hash.h,lwip/cryptography/hash.h
struct,tls_sha256_context,cryptography,src/tls/includes/hash.h,lwip/cryptography/hash.h
struct,tls_hmac_context,cryptography,src/tls/includes/hmac.h,lwip/cryptography/hmac.h
macro,TLS_CERTIFICATE_FIELDS,cryptography,src/tls/includes/keyobject.h,lwip/cryptography/keyobject.h
macro,TLS_PRIVKEY_EC_FIELDS,cryptography,src/tls/includes/keyobject.h,lwip/cryptography/keyobject.h
macro,TLS_PRIVKEY_RSA_FIELDS,cryptography,src/tls/includes/keyobject.h,lwip/cryptography/keyobject.h
macro,TLS_PUBKEY_EC_FIELDS,cryptography,src/tls/includes/keyobject.h,lwip/cryptography/keyobject.h
macro,TLS_PUBKEY_RSA_FIELDS,cryptography,src/tls/includes/keyobject.h,lwip/cryptography/keyobject.h
struct,tls_keyobject,cryptography,src/tls/includes/keyobject.h,lwip/cryptography/keyobject.h
enum,_pkcs8_error,cryptography,src/tls/includes/pkcs8.h,lwip/cryptography/pkcs8.h
macro,TLS_PKCS8_MAX_FIELDS,cryptography,src/tls/includes/pkcs8.h,lwip/cryptography/pkcs8.h
struct,tls_pkcs8_object,cryptography,src/tls/includes/pkcs8.h,lwip/cryptography/pkcs8.h
typedef,tls_pkcs8_error_t,cryptography,src/tls/includes/pkcs8.h,lwip/cryptography/pkcs8.h
typedef,tls_random_request_cb_t,cryptography,src/tls/includes/random.h,lwip/cryptography/random.h
macro,RSA_PUBLIC_EXP,cryptography,src/tls/includes/rsa.h,lwip/cryptography/rsa.h
macro,TLS_TRUSTSTORE_SKI_LEN,cryptography,src/tls/includes/truststore.h,lwip/cryptography/truststore.h
macro,TLS_TRUSTSTORE_SUBJECT_LEN,cryptography,src/tls/includes/truststore.h,lwip/cryptography/truststore.h
struct,tls_truststore_entry,cryptography,src/tls/includes/truststore.h,lwip/cryptography/truststore.h
typedef,tls_truststore_status_t,cryptography,src/tls/includes/truststore.h,lwip/cryptography/truststore.h
struct,tls_x509_object,cryptography,src/tls/includes/x509.h,lwip/cryptography/x509.h
struct,tls_x509_parse_result,cryptography,src/tls/includes/x509.h,lwip/cryptography/x509.h
