symbol,category,source_header
lwip_start,conn,src/lwIP.h
lwip_init_runtime_internal,conn,src/lwIP.h
lwip_poll_network_events,conn,src/lwIP.h
lwip_conn_create,conn,src/lwIP.h
lwip_conn_destroy,conn,src/lwIP.h
lwip_conn_connect,conn,src/lwIP.h
lwip_conn_write,conn,src/lwIP.h
lwip_conn_recved,conn,src/lwIP.h
lwip_conn_shutdown,conn,src/lwIP.h
lwip_conn_close,conn,src/lwIP.h
lwip_conn_abort,conn,src/lwIP.h
lwip_conn_set_arg,conn,src/lwIP.h
lwip_conn_set_connected,conn,src/lwIP.h
lwip_conn_set_recv,conn,src/lwIP.h
lwip_conn_set_sent,conn,src/lwIP.h
lwip_conn_set_err,conn,src/lwIP.h
lwip_conn_set_poll,conn,src/lwIP.h
lwip_conn_set_closed,conn,src/lwIP.h
lwip_conn_set_callbacks,conn,src/lwIP.h
tls_aes_init,cryptography,src/tls/includes/aes.h
tls_aes_ccm_init,cryptography,src/tls/includes/aes.h
tls_aes_ccm_encrypt,cryptography,src/tls/includes/aes.h
tls_aes_ccm_decrypt,cryptography,src/tls/includes/aes.h
tls_aes_update_aad,cryptography,src/tls/includes/aes.h
tls_aes_encrypt,cryptography,src/tls/includes/aes.h
tls_aes_update_ciphertext,cryptography,src/tls/includes/aes.h
tls_aes_digest,cryptography,src/tls/includes/aes.h
tls_aes_decrypt,cryptography,src/tls/includes/aes.h
tls_aes_verify,cryptography,src/tls/includes/aes.h
tls_asn1_cursor_init,cryptography,src/tls/includes/asn1.h
tls_asn1_next,cryptography,src/tls/includes/asn1.h
tls_asn1_child_cursor,cryptography,src/tls/includes/asn1.h
tls_asn1_tag_number,cryptography,src/tls/includes/asn1.h
tls_asn1_tag_class,cryptography,src/tls/includes/asn1.h
tls_asn1_tag_constructed,cryptography,src/tls/includes/asn1.h
tls_base64_encode,cryptography,src/tls/includes/base64.h
tls_base64_decode,cryptography,src/tls/includes/base64.h
tls_bytes_compare,cryptography,src/tls/includes/bytes.h
tls_secure_memzero,cryptography,src/tls/includes/bytes.h
tls_sha256_init,cryptography,src/tls/includes/hash.h
tls_sha256_update,cryptography,src/tls/includes/hash.h
tls_sha256_digest,cryptography,src/tls/includes/hash.h
tls_hash_context_init,cryptography,src/tls/includes/hash.h
tls_hash_update,cryptography,src/tls/includes/hash.h
tls_hash_digest,cryptography,src/tls/includes/hash.h
tls_mgf1,cryptography,src/tls/includes/hash.h
tls_hkdf_extract,cryptography,src/tls/includes/hkdf.h
tls_hkdf_expand,cryptography,src/tls/includes/hkdf.h
tls_hkdf_expand_label,cryptography,src/tls/includes/hkdf.h
tls_derive_secret,cryptography,src/tls/includes/hkdf.h
tls_hmac_context_init,cryptography,src/tls/includes/hmac.h
tls_hmac_update,cryptography,src/tls/includes/hmac.h
tls_hmac_digest,cryptography,src/tls/includes/hmac.h
tls_keyobject_import_private,cryptography,src/tls/includes/keyobject.h
tls_keyobject_import_public,cryptography,src/tls/includes/keyobject.h
tls_keyobject_import_certificate,cryptography,src/tls/includes/keyobject.h
tls_x509_has_required_ca_constraints,cryptography,src/tls/includes/keyobject.h
tls_keyobject_destroy,cryptography,src/tls/includes/keyobject.h
tls_pbkdf2,cryptography,src/tls/includes/passwords.h
tls_pkcs8_strerror,cryptography,src/tls/includes/pkcs8.h
tls_pkcs8_import,cryptography,src/tls/includes/pkcs8.h
tls_pkcs8_import_private,cryptography,src/tls/includes/pkcs8.h
tls_pkcs8_import_public,cryptography,src/tls/includes/pkcs8.h
tls_pkcs8_object_import_private,cryptography,src/tls/includes/pkcs8.h
tls_pkcs8_object_import_public,cryptography,src/tls/includes/pkcs8.h
tls_pkcs8_object_destroy,cryptography,src/tls/includes/pkcs8.h
tls_random_init_entropy,cryptography,src/tls/includes/random.h
tls_random,cryptography,src/tls/includes/random.h
tls_random_bytes,cryptography,src/tls/includes/random.h
tls_rng_healthcheck,cryptography,src/tls/includes/random.h
tls_request_random_bytes,cryptography,src/tls/includes/random.h
tls_rng_is_busy,cryptography,src/tls/includes/random.h
tls_rsa_encode_oaep,cryptography,src/tls/includes/rsa.h
tls_rsa_decode_oaep,cryptography,src/tls/includes/rsa.h
tls_rsa_encrypt,cryptography,src/tls/includes/rsa.h
tls_rsa_decrypt_signature,cryptography,src/tls/includes/rsa.h
tls_rsa_pss_verify,cryptography,src/tls/includes/rsa.h
tls_truststore_init,cryptography,src/tls/includes/truststore.h
tls_truststore_lookup,cryptography,src/tls/includes/truststore.h
tls_x509_has_valid_constraints,cryptography,src/tls/includes/x509.h
tls_x509_parse_certificate,cryptography,src/tls/includes/x509.h
tls_x509_import_and_parse_certificate,cryptography,src/tls/includes/x509.h
tls_x509_import_certificate,cryptography,src/tls/includes/x509.h
tls_x509_object_destroy,cryptography,src/tls/includes/x509.h
acd_add,acd,src/include/lwip/acd.h
acd_remove,acd,src/include/lwip/acd.h
acd_start,acd,src/include/lwip/acd.h
acd_stop,acd,src/include/lwip/acd.h
acd_arp_reply,acd,src/include/lwip/acd.h
acd_network_changed_link_down,acd,src/include/lwip/acd.h
acd_netif_ip_addr_changed,acd,src/include/lwip/acd.h
altcp_new,altcp,src/include/lwip/altcp.h
altcp_new_ip6,altcp,src/include/lwip/altcp.h
altcp_new_ip_type,altcp,src/include/lwip/altcp.h
altcp_arg,altcp,src/include/lwip/altcp.h
altcp_accept,altcp,src/include/lwip/altcp.h
altcp_recv,altcp,src/include/lwip/altcp.h
altcp_sent,altcp,src/include/lwip/altcp.h
altcp_poll,altcp,src/include/lwip/altcp.h
altcp_err,altcp,src/include/lwip/altcp.h
altcp_recved,altcp,src/include/lwip/altcp.h
altcp_bind,altcp,src/include/lwip/altcp.h
altcp_connect,altcp,src/include/lwip/altcp.h
altcp_listen_with_backlog_and_err,altcp,src/include/lwip/altcp.h
altcp_abort,altcp,src/include/lwip/altcp.h
altcp_close,altcp,src/include/lwip/altcp.h
altcp_shutdown,altcp,src/include/lwip/altcp.h
altcp_write,altcp,src/include/lwip/altcp.h
altcp_output,altcp,src/include/lwip/altcp.h
altcp_mss,altcp,src/include/lwip/altcp.h
altcp_sndbuf,altcp,src/include/lwip/altcp.h
altcp_sndqueuelen,altcp,src/include/lwip/altcp.h
altcp_nagle_disable,altcp,src/include/lwip/altcp.h
altcp_nagle_enable,altcp,src/include/lwip/altcp.h
altcp_nagle_disabled,altcp,src/include/lwip/altcp.h
altcp_setprio,altcp,src/include/lwip/altcp.h
altcp_get_tcp_addrinfo,altcp,src/include/lwip/altcp.h
altcp_get_ip,altcp,src/include/lwip/altcp.h
altcp_get_port,altcp,src/include/lwip/altcp.h
altcp_dbg_get_tcp_state,altcp,src/include/lwip/altcp.h
altcp_tls_create_config_server,tls_transport,src/include/lwip/altcp_tls.h
altcp_tls_config_server_add_privkey_cert,tls_transport,src/include/lwip/altcp_tls.h
altcp_tls_create_config_server_privkey_cert,tls_transport,src/include/lwip/altcp_tls.h
altcp_tls_create_config_client,tls_transport,src/include/lwip/altcp_tls.h
altcp_tls_create_config_client_2wayauth,tls_transport,src/include/lwip/altcp_tls.h
altcp_tls_configure_alpn_protocols,tls_transport,src/include/lwip/altcp_tls.h
altcp_tls_free_config,tls_transport,src/include/lwip/altcp_tls.h
altcp_tls_wrap,tls_transport,src/include/lwip/altcp_tls.h
altcp_tls_new,tls_transport,src/include/lwip/altcp_tls.h
altcp_tls_alloc,tls_transport,src/include/lwip/altcp_tls.h
autoip_set_struct,autoip,src/include/lwip/autoip.h
autoip_remove_struct,autoip,src/include/lwip/autoip.h
autoip_start,autoip,src/include/lwip/autoip.h
autoip_stop,autoip,src/include/lwip/autoip.h
autoip_network_changed_link_up,autoip,src/include/lwip/autoip.h
autoip_network_changed_link_down,autoip,src/include/lwip/autoip.h
autoip_supplied_address,autoip,src/include/lwip/autoip.h
autoip_accept_packet,autoip,src/include/lwip/autoip.h
lwip_htons,core,src/include/lwip/def.h
lwip_htonl,core,src/include/lwip/def.h
lwip_itoa,core,src/include/lwip/def.h
lwip_strnicmp,core,src/include/lwip/def.h
lwip_stricmp,core,src/include/lwip/def.h
lwip_strnstr,core,src/include/lwip/def.h
lwip_strnistr,core,src/include/lwip/def.h
lwip_memcmp_consttime,core,src/include/lwip/def.h
dhcp_set_struct,dhcp,src/include/lwip/dhcp.h
dhcp_cleanup,dhcp,src/include/lwip/dhcp.h
dhcp_start,dhcp,src/include/lwip/dhcp.h
dhcp_renew,dhcp,src/include/lwip/dhcp.h
dhcp_release,dhcp,src/include/lwip/dhcp.h
dhcp_stop,dhcp,src/include/lwip/dhcp.h
dhcp_release_and_stop,dhcp,src/include/lwip/dhcp.h
dhcp_inform,dhcp,src/include/lwip/dhcp.h
dhcp_network_changed_link_up,dhcp,src/include/lwip/dhcp.h
dhcp_supplied_address,dhcp,src/include/lwip/dhcp.h
dns_setserver,dns,src/include/lwip/dns.h
dns_getserver,dns,src/include/lwip/dns.h
dns_gethostbyname,dns,src/include/lwip/dns.h
dns_gethostbyname_addrtype,dns,src/include/lwip/dns.h
etharp_find_addr,arp,src/include/lwip/etharp.h
etharp_get_entry,arp,src/include/lwip/etharp.h
etharp_output,arp,src/include/lwip/etharp.h
etharp_query,arp,src/include/lwip/etharp.h
etharp_request,arp,src/include/lwip/etharp.h
etharp_cleanup_netif,arp,src/include/lwip/etharp.h
etharp_acd_probe,arp,src/include/lwip/etharp.h
etharp_acd_announce,arp,src/include/lwip/etharp.h
etharp_input,arp,src/include/lwip/etharp.h
icmp_input,icmp,src/include/lwip/icmp.h
icmp_dest_unreach,icmp,src/include/lwip/icmp.h
icmp_time_exceeded,icmp,src/include/lwip/icmp.h
icmp6_input,icmp6,src/include/lwip/icmp6.h
icmp6_dest_unreach,icmp6,src/include/lwip/icmp6.h
icmp6_packet_too_big,icmp6,src/include/lwip/icmp6.h
icmp6_time_exceeded,icmp6,src/include/lwip/icmp6.h
icmp6_time_exceeded_with_addrs,icmp6,src/include/lwip/icmp6.h
icmp6_param_problem,icmp6,src/include/lwip/icmp6.h
igmp_start,igmp,src/include/lwip/igmp.h
igmp_stop,igmp,src/include/lwip/igmp.h
igmp_report_groups,igmp,src/include/lwip/igmp.h
igmp_lookfor_group,igmp,src/include/lwip/igmp.h
igmp_input,igmp,src/include/lwip/igmp.h
igmp_joingroup,igmp,src/include/lwip/igmp.h
igmp_joingroup_netif,igmp,src/include/lwip/igmp.h
igmp_leavegroup,igmp,src/include/lwip/igmp.h
igmp_leavegroup_netif,igmp,src/include/lwip/igmp.h
inet_chksum,checksum,src/include/lwip/inet_chksum.h
inet_chksum_pbuf,checksum,src/include/lwip/inet_chksum.h
inet_chksum_pseudo,checksum,src/include/lwip/inet_chksum.h
inet_chksum_pseudo_partial,checksum,src/include/lwip/inet_chksum.h
ip6_chksum_pseudo,checksum,src/include/lwip/inet_chksum.h
ip6_chksum_pseudo_partial,checksum,src/include/lwip/inet_chksum.h
ip_chksum_pseudo,checksum,src/include/lwip/inet_chksum.h
ip_chksum_pseudo_partial,checksum,src/include/lwip/inet_chksum.h
lwip_init,core,src/include/lwip/init.h
ip_input,ip,src/include/lwip/ip.h
ip4_route,ip,src/include/lwip/ip4.h
ip4_input,ip,src/include/lwip/ip4.h
ip4_output,ip,src/include/lwip/ip4.h
ip4_output_if,ip,src/include/lwip/ip4.h
ip4_output_if_src,ip,src/include/lwip/ip4.h
ip4_output_if_opt,ip,src/include/lwip/ip4.h
ip4_output_if_opt_src,ip,src/include/lwip/ip4.h
ip4_set_default_multicast_netif,ip,src/include/lwip/ip4.h
ip4_addr_isbroadcast_u32,ip,src/include/lwip/ip4_addr.h
ip4_addr_netmask_valid,ip,src/include/lwip/ip4_addr.h
ipaddr_addr,ip,src/include/lwip/ip4_addr.h
ip4addr_aton,ip,src/include/lwip/ip4_addr.h
ip4addr_ntoa,ip,src/include/lwip/ip4_addr.h
ip4addr_ntoa_r,ip,src/include/lwip/ip4_addr.h
ip4_reass,ip4_frag,src/include/lwip/ip4_frag.h
ip4_frag,ip4_frag,src/include/lwip/ip4_frag.h
ip6_route,ip,src/include/lwip/ip6.h
ip6_select_source_address,ip,src/include/lwip/ip6.h
ip6_input,ip,src/include/lwip/ip6.h
ip6_output,ip,src/include/lwip/ip6.h
ip6_output_if,ip,src/include/lwip/ip6.h
ip6_output_if_src,ip,src/include/lwip/ip6.h
ip6_options_add_hbh_ra,ip,src/include/lwip/ip6.h
ip6addr_aton,ip,src/include/lwip/ip6_addr.h
ip6addr_ntoa,ip,src/include/lwip/ip6_addr.h
ip6addr_ntoa_r,ip,src/include/lwip/ip6_addr.h
ip6_reass,ip6_frag,src/include/lwip/ip6_frag.h
ip6_frag,ip6_frag,src/include/lwip/ip6_frag.h
ipaddr_ntoa,ip,src/include/lwip/ip_addr.h
ipaddr_ntoa_r,ip,src/include/lwip/ip_addr.h
ipaddr_aton,ip,src/include/lwip/ip_addr.h
mem_trim,memory,src/include/lwip/mem.h
mem_malloc,memory,src/include/lwip/mem.h
mem_calloc,memory,src/include/lwip/mem.h
mem_free,memory,src/include/lwip/mem.h
memp_malloc,memp,src/include/lwip/memp.h
memp_free,memp,src/include/lwip/memp.h
mld6_stop,mld6,src/include/lwip/mld6.h
mld6_report_groups,mld6,src/include/lwip/mld6.h
mld6_lookfor_group,mld6,src/include/lwip/mld6.h
mld6_input,mld6,src/include/lwip/mld6.h
mld6_joingroup,mld6,src/include/lwip/mld6.h
mld6_joingroup_netif,mld6,src/include/lwip/mld6.h
mld6_leavegroup,mld6,src/include/lwip/mld6.h
mld6_leavegroup_netif,mld6,src/include/lwip/mld6.h
nd6_input,nd6,src/include/lwip/nd6.h
nd6_clear_destination_cache,nd6,src/include/lwip/nd6.h
nd6_find_route,nd6,src/include/lwip/nd6.h
nd6_get_next_hop_addr_or_queue,nd6,src/include/lwip/nd6.h
nd6_get_destination_mtu,nd6,src/include/lwip/nd6.h
nd6_reachability_hint,nd6,src/include/lwip/nd6.h
nd6_cleanup_netif,nd6,src/include/lwip/nd6.h
nd6_adjust_mld_membership,nd6,src/include/lwip/nd6.h
nd6_restart_netif,nd6,src/include/lwip/nd6.h
netif_alloc_client_data_id,netif,src/include/lwip/netif.h
netif_add_noaddr,netif,src/include/lwip/netif.h
netif_add,netif,src/include/lwip/netif.h
netif_set_addr,netif,src/include/lwip/netif.h
netif_remove,netif,src/include/lwip/netif.h
netif_find,netif,src/include/lwip/netif.h
netif_set_default,netif,src/include/lwip/netif.h
netif_set_ipaddr,netif,src/include/lwip/netif.h
netif_set_netmask,netif,src/include/lwip/netif.h
netif_set_gw,netif,src/include/lwip/netif.h
netif_set_up,netif,src/include/lwip/netif.h
netif_set_down,netif,src/include/lwip/netif.h
netif_set_status_callback,netif,src/include/lwip/netif.h
netif_set_remove_callback,netif,src/include/lwip/netif.h
netif_set_link_up,netif,src/include/lwip/netif.h
netif_set_link_down,netif,src/include/lwip/netif.h
netif_set_link_callback,netif,src/include/lwip/netif.h
netif_loop_output,netif,src/include/lwip/netif.h
netif_poll,netif,src/include/lwip/netif.h
netif_poll_all,netif,src/include/lwip/netif.h
netif_input,netif,src/include/lwip/netif.h
netif_ip6_addr_set,netif,src/include/lwip/netif.h
netif_ip6_addr_set_parts,netif,src/include/lwip/netif.h
netif_ip6_addr_set_state,netif,src/include/lwip/netif.h
netif_get_ip6_addr_match,netif,src/include/lwip/netif.h
netif_create_ip6_linklocal_address,netif,src/include/lwip/netif.h
netif_add_ip6_address,netif,src/include/lwip/netif.h
netif_name_to_index,netif,src/include/lwip/netif.h
netif_index_to_name,netif,src/include/lwip/netif.h
netif_get_by_index,netif,src/include/lwip/netif.h
netif_add_ext_callback,netif,src/include/lwip/netif.h
netif_remove_ext_callback,netif,src/include/lwip/netif.h
pbuf_free_ooseq,pbuf,src/include/lwip/pbuf.h
pbuf_alloc,pbuf,src/include/lwip/pbuf.h
pbuf_alloc_reference,pbuf,src/include/lwip/pbuf.h
pbuf_alloced_custom,pbuf,src/include/lwip/pbuf.h
pbuf_realloc,pbuf,src/include/lwip/pbuf.h
pbuf_header,pbuf,src/include/lwip/pbuf.h
pbuf_header_force,pbuf,src/include/lwip/pbuf.h
pbuf_add_header,pbuf,src/include/lwip/pbuf.h
pbuf_add_header_force,pbuf,src/include/lwip/pbuf.h
pbuf_remove_header,pbuf,src/include/lwip/pbuf.h
pbuf_free_header,pbuf,src/include/lwip/pbuf.h
pbuf_ref,pbuf,src/include/lwip/pbuf.h
pbuf_free,pbuf,src/include/lwip/pbuf.h
pbuf_clen,pbuf,src/include/lwip/pbuf.h
pbuf_cat,pbuf,src/include/lwip/pbuf.h
pbuf_chain,pbuf,src/include/lwip/pbuf.h
pbuf_dechain,pbuf,src/include/lwip/pbuf.h
pbuf_copy,pbuf,src/include/lwip/pbuf.h
pbuf_copy_partial_pbuf,pbuf,src/include/lwip/pbuf.h
pbuf_copy_partial,pbuf,src/include/lwip/pbuf.h
pbuf_get_contiguous,pbuf,src/include/lwip/pbuf.h
pbuf_take,pbuf,src/include/lwip/pbuf.h
pbuf_take_at,pbuf,src/include/lwip/pbuf.h
pbuf_skip,pbuf,src/include/lwip/pbuf.h
pbuf_coalesce,pbuf,src/include/lwip/pbuf.h
pbuf_clone,pbuf,src/include/lwip/pbuf.h
pbuf_get_at,pbuf,src/include/lwip/pbuf.h
pbuf_try_get_at,pbuf,src/include/lwip/pbuf.h
pbuf_put_at,pbuf,src/include/lwip/pbuf.h
pbuf_memcmp,pbuf,src/include/lwip/pbuf.h
pbuf_memfind,pbuf,src/include/lwip/pbuf.h
pbuf_strstr,pbuf,src/include/lwip/pbuf.h
raw_new,raw,src/include/lwip/raw.h
raw_new_ip_type,raw,src/include/lwip/raw.h
raw_remove,raw,src/include/lwip/raw.h
raw_bind,raw,src/include/lwip/raw.h
raw_bind_netif,raw,src/include/lwip/raw.h
raw_connect,raw,src/include/lwip/raw.h
raw_disconnect,raw,src/include/lwip/raw.h
raw_sendto,raw,src/include/lwip/raw.h
raw_sendto_if_src,raw,src/include/lwip/raw.h
raw_send,raw,src/include/lwip/raw.h
raw_recv,raw,src/include/lwip/raw.h
lwip_sntp_set_timezone_offset,time,src/include/lwip/sntp_time.h
lwip_sntp_set_dst_enabled,time,src/include/lwip/sntp_time.h
lwip_sntp_set_time,time,src/include/lwip/sntp_time.h
lwip_sntp_reset_flag,time,src/include/lwip/sntp_time.h
lwip_sntp_time_was_set,time,src/include/lwip/sntp_time.h
lwip_sntp_get_unix_time,time,src/include/lwip/sntp_time.h
sys_timeout,timeouts,src/include/lwip/timeouts.h
sys_untimeout,timeouts,src/include/lwip/timeouts.h
tcp_new,tcp,src/include/lwip/tcp.h
tcp_new_ip_type,tcp,src/include/lwip/tcp.h
tcp_arg,tcp,src/include/lwip/tcp.h
tcp_recv,tcp,src/include/lwip/tcp.h
tcp_sent,tcp,src/include/lwip/tcp.h
tcp_err,tcp,src/include/lwip/tcp.h
tcp_accept,tcp,src/include/lwip/tcp.h
tcp_poll,tcp,src/include/lwip/tcp.h
tcp_backlog_delayed,tcp,src/include/lwip/tcp.h
tcp_backlog_accepted,tcp,src/include/lwip/tcp.h
tcp_recved,tcp,src/include/lwip/tcp.h
tcp_bind,tcp,src/include/lwip/tcp.h
tcp_bind_netif,tcp,src/include/lwip/tcp.h
tcp_connect,tcp,src/include/lwip/tcp.h
tcp_listen_with_backlog_and_err,tcp,src/include/lwip/tcp.h
tcp_listen_with_backlog,tcp,src/include/lwip/tcp.h
tcp_abort,tcp,src/include/lwip/tcp.h
tcp_close,tcp,src/include/lwip/tcp.h
tcp_shutdown,tcp,src/include/lwip/tcp.h
tcp_write,tcp,src/include/lwip/tcp.h
tcp_setprio,tcp,src/include/lwip/tcp.h
tcp_output,tcp,src/include/lwip/tcp.h
tcp_tcp_get_tcp_addrinfo,tcp,src/include/lwip/tcp.h
udp_new,udp,src/include/lwip/udp.h
udp_new_ip_type,udp,src/include/lwip/udp.h
udp_remove,udp,src/include/lwip/udp.h
udp_bind,udp,src/include/lwip/udp.h
udp_bind_netif,udp,src/include/lwip/udp.h
udp_connect,udp,src/include/lwip/udp.h
udp_disconnect,udp,src/include/lwip/udp.h
udp_recv,udp,src/include/lwip/udp.h
udp_sendto_if,udp,src/include/lwip/udp.h
udp_sendto_if_src,udp,src/include/lwip/udp.h
udp_sendto,udp,src/include/lwip/udp.h
udp_send,udp,src/include/lwip/udp.h
udp_input,udp,src/include/lwip/udp.h
udp_netif_ip_addr_changed,udp,src/include/lwip/udp.h
ethernet_input,ethernet,src/include/netif/ethernet.h
ethernet_output,ethernet,src/include/netif/ethernet.h
eth_get_interfaces,driver,src/drivers/usb_ethernet.h
netif_is_link_error,driver,src/drivers/usb_ethernet.h
eth_usb_event_callback,driver,src/drivers/usb_ethernet.h
tls_x25519_publickey,cryptography,src/tls/contrib/x25519/src/x25519.h
tls_x25519_secret,cryptography,src/tls/contrib/x25519/src/x25519.h
